{"random_forest": 0.5247524752475248, "neural_network": 0.5049505233764648}